Workbook

Sheet first score
D1: 0 | E1: Item is not covered
D2: 1 | E2: item is present and contains substantial ommisions, inaccuracies, or hallunincations which would effect the scientific integrety if included in SAP
D3: 2 | E3: Item is present and mostly accurate but contains minor inaccuracies or omissions. If left in the SAP, this would not affect integrity.
D4: 3 | E4: Item is accurate, consistent with protocol and makes sense scientifically and contains appropriate level of detail. For statistical analysis this would be sufficient detail for the analysis to be implemented, with no ambiguity.
A10: Our section | B10: Section | C10: Subsection | D10: JAMA SAP # | E10: Description | F10: Notes on scoring | G10: Notes | H10: openAI_gpt5_full | I10: gemini_pro | J10: claude_sonnet | K10: Comment
A11: admin_info | B11: Section 1: Administrative Information | C11: Title and trial registration | D11: 1a | E11: Descriptive title that matches the protocol, with SAP either as a forerunner or subtitle, and trial acronym (if applicable) | H11: 3 | I11: 3 | J11: 3 | K11: Claude_sonnet included the most information (sponsors/ funding /programme management/ and a shortened title).
A12: admin_info | B12: Section 1: Administrative Information | C12: Title and trial registration | D12: 1b | E12: Trial registration number | H12: 3 | I12: 3 | J12: 3
A13: NA | B13: Section 1: Administrative Information | C13: SAP version | D13: 2 | E13: SAP version number with dates
A14: admin_info | B14: Section 1: Administrative Information | C14: Protocol Version | D14: 3 | E14: Reference to version of protocol being used | H14: 3 | I14: 3 | J14: 3
A15: NA | B15: Section 1: Administrative Information | C15: SAP revisions | D15: 4a | E15: SAP revision history
A16: NA | B16: Section 1: Administrative Information | C16: SAP revisions | D16: 4b | E16: Justification for each SAP revision
A17: NA | B17: Section 1: Administrative Information | C17: SAP revisions | D17: 4c | E17: Timing of SAP revisions in relation to interim analyses, etc
A18: admin_info | B18: Section 1: Administrative Information | C18: Roles and responsibility | D18: 5 | E18: Names, affiliations, and roles of SAP contributors | H18: 3 | I18: 3 | J18: 3 | K18: Claude_sonnet included programme management team.
A19: NA | B19: Section 1: Administrative Information | C19: Signatures of: | D19: 6a | E19: Person writing the SAP
A20: NA | B20: Section 1: Administrative Information | C20: Signatures of: | D20: 6b | E20: Senior statistician responsible
A21: NA | B21: Section 1: Administrative Information | C21: Signatures of: | D21: 6c | E21: Chief investigator/clinical lead
A22: introduction | B22: Section 2: Introduction | C22: Background and rationale | D22: 7 | E22: Synopsis of trial background and rationale including a brief description of research question and brief justification for undertaking the trial | H22: 3 | I22: 3 | J22: 3 | K22: Claude_sonnet most closely followed Protocol (I would say used too much information for a SAP). And sometimes quoted studies without providing full information with the extracted information (minor inaccuracy) e.g. MYRIAD study.
A23: introduction | B23: Section 2: Introduction | C23: Objectives | D23: 8 | E23: Description of specific objectives or hypotheses | F23: Accept a vague description as outcomes defined later | H23: 3 | I23: 3 | J23: 3 | K23: Open AI brilliant - picked up on all objectives. Gemini_pro less detail but still good. claude_sonnet good.
A24: study_design | B24: Section 3: Study Methods | C24: Trial design | D24: 9 | E24: Brief description of trial design including type of trial (eg, parallel group, multiarm, crossover, factorial) and allocation ratio and may include brief description of interventions | H24: 3 | I24: 3 | J24: 3 | K24: OpenAI good but not brief. Claude_sonnet the best here - details the internal pilot study etc. Gemini-pro correct but maybe too brief.
A25: study_design | B25: Section 3: Study Methods | C25: Framework | D25: 12 | E25: Superiority, equivalence, or noninferiority hypothesis testing framework, including which comparisons will be presented on this basis | H25: 3 | I25: 3 | J25: 3
A26: randomisation | B26: Section 3: Study Methods | C26: Randomisation | D26: 10 | E26: Randomization details, eg, whether any minimization or stratification occurred (including stratifying factors used or the location of that information if it is not held within the SAP) | H26: 3 | I26: 3 | J26: 3 | K26: claude_sonnet discusses that the remote site will accomodate people who prefer remote delivery (this isn't the case)
A27: sample_size | B27: Section 3: Study Methods | C27: Sample size | D27: 11 | E27: Full sample size calculation or reference to sample size calculation in protocol (instead of replication in SAP) | H27: 3 | I27: 3 | J27: 3 | K27: OpenAI said ANCOVA model used (instead of AUC model). Gemini-pro slightly lacking detail. Claude_sonnet great.
A28: interim_analysis | B28: Section 3: Study Methods | C28: Statistical interim analyses and stopping guidance | D28: 13a | E28: Information on interim analyses specifying what interim analyses will be carried out and listing of time points | H28: 3 | I28: 3 | J28: 3 | K28: Although - no details of pilot will be put in SAP/no interim analysis - so did produce this section unnecessarily.
A29: interim_analysis | B29: Section 3: Study Methods | C29: Statistical interim analyses and stopping guidance | D29: 13b | E29: Any planned adjustment of the significance level due to interim analysis | F29: If no interim analysis score 3 if this item is ommited. If there is a formal interim analysis and adjustment of the significance level, score item as 1 if it says an alpha of 0.05 will be used with 95% confidence intervals, even if it goes on to give the correct significance levels. | H29: 3 | I29: 3 | J29: 3
A30: interim_analysis | B30: Section 3: Study Methods | C30: Statistical interim analyses and stopping guidance | D30: 13c | E30: Details of guidelines for stopping the trial early | H30: 3 | I30: 3 | J30: 3
A31: timing | B31: Section 3: Study Methods | C31: Timing of final analysis | D31: 14 | E31: Timing of final analysis, eg, all outcomes analyzed collectively or timing stratified by planned length of follow-up | H31: 3 | I31: 2 | J31: 3 | K31: gemini_pro low on info. claude_sonnet best.
A32: timing | B32: Section 3: Study Methods | C32: Timing of outcome assessments | D32: 15 | E32: Time points at which the outcomes are measured including visit “windows” | F32: Score 2 if missing visit windows, that are mentioned in the protocol | H32: 3 | I32: 3 | J32: 3
A33: analysis_considerations | B33: Section 4: Statistical Principles | C33: Confidence intervals and P values | D33: 16 | E33: Level of statistical significance | H33: 3 | I33: 3 | J33: 3
A34: analysis_considerations | B34: Section 4: Statistical Principles | C34: Confidence intervals and P values | D34: 17 | E34: Description and rationale for any adjustment for multiplicity and, if so, detailing how the type 1 error is to be controlled | H34: 3 | I34: 3 | J34: 3 | K34: (no adjustments)
A35: analysis_considerations | B35: Section 4: Statistical Principles | C35: Confidence intervals and P values | D35: 18 | E35: Confidence intervals to be reported | H35: 3 | I35: 3 | J35: 3
A36: analysis_considerations | B36: Section 4: Statistical Principles | C36: Adherence and protocol deviations | D36: 19a | E36: Definition of adherence to the intervention and how this is assessed including extent of exposure | H36: 3 | I36: 3 | J36: 3
A37: analysis_considerations | B37: Section 4: Statistical Principles | C37: Adherence and protocol deviations | D37: 19b | E37: Description of how adherence to the intervention will be presented | H37: 3 | I37: 1 | J37: 3 | K37: slightly off the mark for openAI and claude_sonnet
A38: analysis_considerations | B38: Section 4: Statistical Principles | C38: Adherence and protocol deviations | D38: 19c | E38: Definition of protocol deviations for the trial | F38: If protocol deviations are not given in the protocol, the ideal response would be “No protocol deviations are defined in the protocol” or similar. If a sensible answer is given with details that are not given in the protocol, score 2. If specific protocol deviations are mentioned in the protocol, and not covered by the AI in the SAP score 1. | H38: 3 | I38: 2 | J38: 3
A39: analysis_considerations | B39: Section 4: Statistical Principles | C39: Adherence and protocol deviations | D39: 19d | E39: Description of which protocol deviations will be summarized | F39: Score 3 if it says it will describe the protocol deviations it has defined descriptively by arm even if the answer to 19c is not perfect. | H39: 3 | I39: 2 | J39: 3 | K39: Minor deviations/major not covered by gemini pro
A40: trial_population | B40: Section 4: Statistical Principles | C40: Analysis populations | D40: 20 | E40: Definition of analysis populations, eg, intention to treat, per protocol, complete case, safety | F40: If the analysis populations are defined that are not the protocol, then score as a 2. E.g., if a per-protocol population or a safety population is defined that is not in the protocol, then score a 2. | H40: 3 | I40: 3 | J40: 3 | K40: not mentioned for those scored 0
A41: trial_population | B41: Section 5: Trial Population | C41: Screening data | D41: 21 | E41: Reporting of screening data (if collected) to describe representativeness of trial sample | H41: 3 | I41: 3 | J41: 3
A42: trial_population | B42: Section 5: Trial Population | D42: 22 | E42: Summary of eligibility criteria | F42: score 2 if missing inclusion/exclusion criteria | H42: 3 | I42: 3 | J42: 3
A43: trial_population | B43: Section 5: Trial Population | C43: Recruitment | D43: 23 | E43: Information to be included in the CONSORT flow diagram | H43: 2 | I43: 2 | J43: 2 | K43: OpenAI says CONSORT to include adherence, but does include number of people contacted, and others dont.
A44: trial_population | B44: Section 5: Trial Population | C44: Withdrawal/follow-up | D44: 24a | E44: Level of withdrawal, eg, from intervention and/or from follow-up | H44: 3 | I44: 2 | J44: 3 | K44: OpenAI - different withdrawals defined that are not in protocol - but not necessarily wrong. gemini pro - no active withdrawal vs loss to follow up distinction.
A45: trial_population | B45: Section 5: Trial Population | C45: Withdrawal/follow-up | D45: 24b | E45: Timing of withdrawal/lost to follow-up data | H45: 2 | I45: 2 | J45: 2 | K45: withdrawal will actually be measured prior to T1, and between T1 and T2. None of them got this.
A46: trial_population | B46: Section 5: Trial Population | C46: Withdrawal/follow-up | D46: 24c | E46: Reasons and details of how withdrawal/lost to follow-up data will be presented | H46: 3 | I46: 3 | J46: 3
A47: trial_population | B47: Section 5: Trial Population | C47: Baseline patient characteristics | D47: 25a | E47: List of baseline characteristics to be summarized | F47: Score as 3 if a reasonable list is given, there is no need to exhaustively check that the variable matches the protocol. | H47: 3 | I47: 3 | J47: 3 | K47: this was changed from protocol
A48: trial_population | B48: Section 5: Trial Population | C48: Baseline patient characteristics | D48: 25b | E48: Details of how baseline characteristics will be descriptively summarized | F48: score 1 if it says test for baseline | H48: 3 | I48: 3 | J48: 0 | K48: claude_sonnet seemed cut off - so might be there
A49: NA | B49: Section 6: Analysis | C49: Outcome definitions | E49: List and describe each primary and secondary outcome including details of:
A50: outcome_definitions | B50: Section 6: Analysis | C50: Outcome definitions | D50: 26a | E50: specification of outcomes and timings. If applicable include the order of importance of primary or key secondary end points (eg, order in which they will be tested) | F50: Errors in outcome definitions should be scored 1. | H50: 3 | I50: 3 | J50: 3 | K50: openAI over detailed. Gemini-pro did the best here. Claude-sonnet expressed analysis of secondary outcomes wrong
A51: outcome_definitions | B51: Section 6: Analysis | C51: Outcome definitions | D51: 26b | E51: specific measurement and units (eg, glucose control, hbA1c [mmol/mol or %]) | H51: 3 | I51: 3 | J51: 3
A52: outcome_definitions | B52: Section 6: Analysis | C52: Outcome definitions | D52: 26c | E52: any calculation or transformation used to derive the outcome (eg, change from baseline, QoL score, time to event, logarithm, etc) | H52: 3 | I52: 3 | J52: 3
A53: analysis_methods | B53: Section 6: Analysis | C53: Analysis methods | D53: 27* | E53: Primary analysis: Clear which analysis method applies to primary outcome, and which analysis population will be used | H53: 3 | I53: 3 | J53: 3
A54: analysis_methods | D54: 27* | E54: Primary analysis: Correct model | F54: Score 3 for correct model | H54: 3 | I54: 3 | J54: 3
A55: analysis_methods | D55: 27* | E55: Primary analysis: Correct model specification | F55: Score 3 for correct specification eg. correct random effects. If simple model used eg, logistic regresison score 3 if above is 3 | H55: 3 | I55: 3 | J55: 2
A56: analysis_methods | B56: Section 6: Analysis | C56: Analysis methods | D56: 27* | E56: Primary analysis: Correct covariates | F56: If given in protocol must match, must include stratification factors. If not given, score 3 for a reasnable attempt. | H56: 3 | I56: 3 | J56: 2
A57: analysis_methods | D57: 27* | E57: Secondary analysis: Clear which analysis method applies to each secondary outcome, and which analysis population | F57: Must say which outcomes are of each type. eg. score 2 for "All continuous outcomes will be analysed..." unless explicit about which outcomes are continuous. | H57: 3 | I57: 3 | J57: 3
A58: analysis_methods | D58: 27* | E58: Secondary analysis: Correct model | H58: 1 | I58: 3 | J58: 3 | K58: GPT has made up some secondary outcome scale.
A59: analysis_methods | D59: 27* | E59: Secondary analysis: Correct model specification | H59: 3 | I59: 3 | J59: 3
A60: analysis_methods | D60: 27* | E60: Secondary analysis: Correct covariates | H60: 3 | I60: 3 | J60: 3
A61: assumptions_and_sensitivity_analysis | B61: Section 6: Analysis | C61: Analysis methods | D61: 27c | E61: methods used for assumptions to be checked for statistical methods | H61: 3 | I61: 3 | J61: 3 | K61: main assumption check - normally distributed residuals. All said this and valid methods to try if assumption violated. Lots of other assumption checks that Im not sure are necessary?
A62: assumptions_and_sensitivity_analysis | B62: Section 6: Analysis | C62: Analysis methods | D62: 27d | E62: details of alternative methods to be used if distributional assumptions do not hold, eg, normality, proportional hazards, etc | H62: 3 | I62: 3 | J62: 3
A63: assumptions_and_sensitivity_analysis | B63: Section 6: Analysis | C63: Analysis methods | D63: 27e | E63: any planned sensitivity analyses for each outcome where applicable | H63: 2 | I63: 3 | J63: 3 | K63: all added lots of sensitivity analyses, with limited detail.
A64: subgroup_analysis | B64: Section 6: Analysis | C64: Analysis methods | D64: 27f | E64: any planned subgroup analyses for each outcome including how subgroups are defined | H64: 3 | I64: 3 | J64: 3 | K64: subgroup analyses are not powered for this study, but will be exploratory, OpenAI did not highlight this.
A65: missing_data | B65: Section 6: Analysis | C65: Missing data | D65: 28 | E65: Reporting and assumptions/statistical methods to handle missing data (eg, multiple imputation) | H65: 2 | I65: 2 | J65: 2 | K65: none describe multiple imputation correctly/if at all.
A66: additional_analysis | B66: Section 6: Analysis | C66: Additional analyses | D66: 29 | E66: Details of any additional statistical analyses required, eg, complier-average causal effect analysis | F66: Speicifcaiton of additional statistical analysis that would not be done should be scored 1 | H66: 2 | I66: 2 | J66: 3
A67: harms | B67: Section 6: Analysis | C67: Harms | D67: 30 | E67: Sufficient detail on summarizing safety data | F67: Speicifcaiton of additional statistical analysis that would not be done should be scored 1 | H67: 3 | I67: 3 | J67: 3
A68: NA | B68: Section 6: Analysis | C68: Statistical software | D68: 31 | E68: Details of statistical packages to be used to carry out analyses
A69: NA | B69: Section 6: Analysis | C69: References | D69: 32a | E69: References to be provided for nonstandard statistical methods
A70: NA | B70: Section 6: Analysis | C70: References | D70: 32b | E70: Reference to Data Management Plan
A71: NA | B71: Section 6: Analysis | C71: References | D71: 32c | E71: Reference to the Trial Master File and Statistical Master File
A72: NA | B72: Section 6: Analysis | C72: References | D72: 32c | E72: Reference to other standard operating procedures or documents to be adhered to

Sheet second score
D1: 0 | E1: Item is not covered
D2: 1 | E2: item is present and contains substantial ommisions, inaccuracies, or hallunincations which would effect the scientific integrety if included in SAP
D3: 2 | E3: Item is present and mostly accurate but contains minor inaccuracies or omissions. If left in the SAP, this would not affect integrity.
D4: 3 | E4: Item is accurate, consistent with protocol and makes sense scientifically and contains appropriate level of detail. For statistical analysis this would be sufficient detail for the analysis to be implemented, with no ambiguity.
A10: Our section | B10: Section | C10: Subsection | D10: JAMA SAP # | E10: Description | F10: Notes on scoring | G10: Notes | H10: openAI_gpt5_full | I10: gemini_pro | J10: claude_sonnet | K10: Comment
A11: admin_info | B11: Section 1: Administrative Information | C11: Title and trial registration | D11: 1a | E11: Descriptive title that matches the protocol, with SAP either as a forerunner or subtitle, and trial acronym (if applicable) | H11: 3 | I11: 3 | J11: 3
A12: admin_info | B12: Section 1: Administrative Information | C12: Title and trial registration | D12: 1b | E12: Trial registration number | H12: 3 | I12: 3 | J12: 3
A13: NA | B13: Section 1: Administrative Information | C13: SAP version | D13: 2 | E13: SAP version number with dates
A14: admin_info | B14: Section 1: Administrative Information | C14: Protocol Version | D14: 3 | E14: Reference to version of protocol being used | H14: 3 | I14: 3 | J14: 3
A15: NA | B15: Section 1: Administrative Information | C15: SAP revisions | D15: 4a | E15: SAP revision history
A16: NA | B16: Section 1: Administrative Information | C16: SAP revisions | D16: 4b | E16: Justification for each SAP revision
A17: NA | B17: Section 1: Administrative Information | C17: SAP revisions | D17: 4c | E17: Timing of SAP revisions in relation to interim analyses, etc
A18: admin_info | B18: Section 1: Administrative Information | C18: Roles and responsibility | D18: 5 | E18: Names, affiliations, and roles of SAP contributors | H18: 3 | I18: 3 | J18: 3
A19: NA | B19: Section 1: Administrative Information | C19: Signatures of: | D19: 6a | E19: Person writing the SAP
A20: NA | B20: Section 1: Administrative Information | C20: Signatures of: | D20: 6b | E20: Senior statistician responsible
A21: NA | B21: Section 1: Administrative Information | C21: Signatures of: | D21: 6c | E21: Chief investigator/clinical lead
A22: introduction | B22: Section 2: Introduction | C22: Background and rationale | D22: 7 | E22: Synopsis of trial background and rationale including a brief description of research question and brief justification for undertaking the trial | H22: 3 | I22: 3 | J22: 3 | K22: claude (verbose)
A23: introduction | B23: Section 2: Introduction | C23: Objectives | D23: 8 | E23: Description of specific objectives or hypotheses | F23: Accept a vague description as outcomes defined later | H23: 3 | I23: 3 | J23: 3
A24: study_design | B24: Section 3: Study Methods | C24: Trial design | D24: 9 | E24: Brief description of trial design including type of trial (eg, parallel group, multiarm, crossover, factorial) and allocation ratio and may include brief description of interventions | H24: 3 | I24: 3 | J24: 3
A25: study_design | B25: Section 3: Study Methods | C25: Framework | D25: 12 | E25: Superiority, equivalence, or noninferiority hypothesis testing framework, including which comparisons will be presented on this basis | H25: 3 | I25: 3 | J25: 3
A26: randomisation | B26: Section 3: Study Methods | C26: Randomisation | D26: 10 | E26: Randomization details, eg, whether any minimization or stratification occurred (including stratifying factors used or the location of that information if it is not held within the SAP) | H26: 3 | I26: 3 | J26: 3 | K26: The remote site to accompodate people who prefer remote treatment is correct according to the protocol.
A27: sample_size | B27: Section 3: Study Methods | C27: Sample size | D27: 11 | E27: Full sample size calculation or reference to sample size calculation in protocol (instead of replication in SAP) | H27: 3 | I27: 3 | J27: 3 | K27: They did not explicitly model the AUC when calculating the sample size. they used a simplified t-test approach based on a single time point (or an average of a couple of points).
A28: interim_analysis | B28: Section 3: Study Methods | C28: Statistical interim analyses and stopping guidance | D28: 13a | E28: Information on interim analyses specifying what interim analyses will be carried out and listing of time points | H28: 3 | I28: 3 | J28: 3
A29: interim_analysis | B29: Section 3: Study Methods | C29: Statistical interim analyses and stopping guidance | D29: 13b | E29: Any planned adjustment of the significance level due to interim analysis | F29: If no interim analysis score 3 if this item is ommited. If there is a formal interim analysis and adjustment of the significance level, score item as 1 if it says an alpha of 0.05 will be used with 95% confidence intervals, even if it goes on to give the correct significance levels. | H29: 3 | I29: 3 | J29: 3
A30: interim_analysis | B30: Section 3: Study Methods | C30: Statistical interim analyses and stopping guidance | D30: 13c | E30: Details of guidelines for stopping the trial early | H30: 3 | I30: 3 | J30: 3
A31: timing | B31: Section 3: Study Methods | C31: Timing of final analysis | D31: 14 | E31: Timing of final analysis, eg, all outcomes analyzed collectively or timing stratified by planned length of follow-up | H31: 3 | I31: 2 | J31: 3 | K31: gemni is too berif so it missed some infomation about the primary and secondary outcome.
A32: timing | B32: Section 3: Study Methods | C32: Timing of outcome assessments | D32: 15 | E32: Time points at which the outcomes are measured including visit “windows” | F32: Score 2 if missing visit windows, that are mentioned in the protocol | H32: 3 | I32: 3 | J32: 3 | K32: Gemini said nothing about the visit window.
A33: analysis_considerations | B33: Section 4: Statistical Principles | C33: Confidence intervals and P values | D33: 16 | E33: Level of statistical significance | H33: 3 | I33: 3 | J33: 3
A34: analysis_considerations | B34: Section 4: Statistical Principles | C34: Confidence intervals and P values | D34: 17 | E34: Description and rationale for any adjustment for multiplicity and, if so, detailing how the type 1 error is to be controlled | H34: 3 | I34: 3 | J34: 3
A35: analysis_considerations | B35: Section 4: Statistical Principles | C35: Confidence intervals and P values | D35: 18 | E35: Confidence intervals to be reported | H35: 3 | I35: 3 | J35: 3
A36: analysis_considerations | B36: Section 4: Statistical Principles | C36: Adherence and protocol deviations | D36: 19a | E36: Definition of adherence to the intervention and how this is assessed including extent of exposure | H36: 3 | I36: 3 | J36: 3
A37: analysis_considerations | B37: Section 4: Statistical Principles | C37: Adherence and protocol deviations | D37: 19b | E37: Description of how adherence to the intervention will be presented | H37: 3 | I37: 1 | J37: 3
A38: analysis_considerations | B38: Section 4: Statistical Principles | C38: Adherence and protocol deviations | D38: 19c | E38: Definition of protocol deviations for the trial | F38: If protocol deviations are not given in the protocol, the ideal response would be “No protocol deviations are defined in the protocol” or similar. If a sensible answer is given with details that are not given in the protocol, score 2. If specific protocol deviations are mentioned in the protocol, and not covered by the AI in the SAP score 1. | H38: 3 | I38: 2 | J38: 3 | K38: gemini: nothing said about the minor protocol violation.
A39: analysis_considerations | B39: Section 4: Statistical Principles | C39: Adherence and protocol deviations | D39: 19d | E39: Description of which protocol deviations will be summarized | F39: Score 3 if it says it will describe the protocol deviations it has defined descriptively by arm even if the answer to 19c is not perfect. | H39: 3 | I39: 2 | J39: 3
A40: trial_population | B40: Section 4: Statistical Principles | C40: Analysis populations | D40: 20 | E40: Definition of analysis populations, eg, intention to treat, per protocol, complete case, safety | F40: If the analysis populations are defined that are not the protocol, then score as a 2. E.g., if a per-protocol population or a safety population is defined that is not in the protocol, then score a 2. | H40: 3 | I40: 3 | J40: 3 | K40: i don't understand the first score comment (not mentioned for those scored 0) - to discuss and reconcile
A41: trial_population | B41: Section 5: Trial Population | C41: Screening data | D41: 21 | E41: Reporting of screening data (if collected) to describe representativeness of trial sample | H41: 3 | I41: 3 | J41: 3
A42: trial_population | B42: Section 5: Trial Population | D42: 22 | E42: Summary of eligibility criteria | F42: score 2 if missing inclusion/exclusion criteria | H42: 3 | I42: 3 | J42: 3
A43: trial_population | B43: Section 5: Trial Population | C43: Recruitment | D43: 23 | E43: Information to be included in the CONSORT flow diagram | H43: 2 | I43: 2 | J43: 2 | K43: OpenAI: included too many information in CONSORT diagram, I don't think this is a standard. Claude said... as well as completion rates for the fortnightly SMFQ and PHQ-8 measures throughout the 12-month follow-up period. I think preenthing data completion every two weeks for 12 month is not something we do normally in a CONSORT
A44: trial_population | B44: Section 5: Trial Population | C44: Withdrawal/follow-up | D44: 24a | E44: Level of withdrawal, eg, from intervention and/or from follow-up | H44: 3 | I44: 2 | J44: 3
A45: trial_population | B45: Section 5: Trial Population | C45: Withdrawal/follow-up | D45: 24b | E45: Timing of withdrawal/lost to follow-up data | H45: 2 | I45: 2 | J45: 2
A46: trial_population | B46: Section 5: Trial Population | C46: Withdrawal/follow-up | D46: 24c | E46: Reasons and details of how withdrawal/lost to follow-up data will be presented | H46: 3 | I46: 3 | J46: 3
A47: trial_population | B47: Section 5: Trial Population | C47: Baseline patient characteristics | D47: 25a | E47: List of baseline characteristics to be summarized | F47: Score as 3 if a reasonable list is given, there is no need to exhaustively check that the variable matches the protocol. | H47: 3 | I47: 3 | J47: 3
A48: trial_population | B48: Section 5: Trial Population | C48: Baseline patient characteristics | D48: 25b | E48: Details of how baseline characteristics will be descriptively summarized | F48: score 1 if it says test for baseline | H48: 3 | I48: 3 | K48: claude text missed, maybe an error happend while running the code.
A49: NA | B49: Section 6: Analysis | C49: Outcome definitions | E49: List and describe each primary and secondary outcome including details of:
A50: outcome_definitions | B50: Section 6: Analysis | C50: Outcome definitions | D50: 26a | E50: specification of outcomes and timings. If applicable include the order of importance of primary or key secondary end points (eg, order in which they will be tested) | F50: Errors in outcome definitions should be scored 1. | H50: 3 | I50: 3 | J50: 3 | K50: OpenAI: too wordy but not wrong. Gemini the best. Claude: said about the mean difference but shouldn't be wrong.
A51: outcome_definitions | B51: Section 6: Analysis | C51: Outcome definitions | D51: 26b | E51: specific measurement and units (eg, glucose control, hbA1c [mmol/mol or %]) | H51: 3 | I51: 3 | J51: 3 | K51: we don't have units, measure are only questonaires scores. but nothing is wrong, so I will give 3 to all.
A52: outcome_definitions | B52: Section 6: Analysis | C52: Outcome definitions | D52: 26c | E52: any calculation or transformation used to derive the outcome (eg, change from baseline, QoL score, time to event, logarithm, etc) | H52: 3 | I52: 3 | J52: 3 | K52: we don't have any transformation, and no model wrote about it, so I give 3 to all.
A53: analysis_methods | B53: Section 6: Analysis | C53: Analysis methods | D53: 27* | E53: Primary analysis: Clear which analysis method applies to primary outcome, and which analysis population will be used | H53: 3 | I53: 3 | J53: 3
A54: analysis_methods | D54: 27* | E54: Primary analysis: Correct model | F54: Score 3 for correct model | H54: 3 | I54: 3 | J54: 3
A55: analysis_methods | D55: 27* | E55: Primary analysis: Correct model specification | F55: Score 3 for correct specification eg. correct random effects. If simple model used eg, logistic regresison score 3 if above is 3 | H55: 3 | I55: 3 | J55: 2 | K55: claude: the inclusion of time (fortnightly) in the model as an IV is vague.
A56: analysis_methods | B56: Section 6: Analysis | C56: Analysis methods | D56: 27* | E56: Primary analysis: Correct covariates | F56: If given in protocol must match, must include stratification factors. If not given, score 3 for a reasnable attempt. | H56: 3 | I56: 3 | J56: 2 | K56: as above
A57: analysis_methods | D57: 27* | E57: Secondary analysis: Clear which analysis method applies to each secondary outcome, and which analysis population | F57: Must say which outcomes are of each type. eg. score 2 for "All continuous outcomes will be analysed..." unless explicit about which outcomes are continuous. | H57: 3 | I57: 3 | J57: 3
A58: analysis_methods | D58: 27* | E58: Secondary analysis: Correct model | H58: 1 | I58: 3 | J58: 3 | K58: this might be wrong in GPT5: Secondary ordinal outcome collected at T1 and T2 Perceived ability to cope (single bespoke 5‑point Likert item)
A59: analysis_methods | D59: 27* | E59: Secondary analysis: Correct model specification | H59: 3 | I59: 3 | J59: 3
A60: analysis_methods | D60: 27* | E60: Secondary analysis: Correct covariates | H60: 3 | I60: 3 | J60: 3
A61: assumptions_and_sensitivity_analysis | B61: Section 6: Analysis | C61: Analysis methods | D61: 27c | E61: methods used for assumptions to be checked for statistical methods | H61: 3 | I61: 3 | J61: 3
A62: assumptions_and_sensitivity_analysis | B62: Section 6: Analysis | C62: Analysis methods | D62: 27d | E62: details of alternative methods to be used if distributional assumptions do not hold, eg, normality, proportional hazards, etc | H62: 3 | I62: 3 | J62: 3
A63: assumptions_and_sensitivity_analysis | B63: Section 6: Analysis | C63: Analysis methods | D63: 27e | E63: any planned sensitivity analyses for each outcome where applicable | H63: 2 | I63: 3 | J63: 3 | K63: OpenAI: many sensitivity and assumtion checks, that might not be useful
A64: subgroup_analysis | B64: Section 6: Analysis | C64: Analysis methods | D64: 27f | E64: any planned subgroup analyses for each outcome including how subgroups are defined | H64: 3 | I64: 3 | J64: 3 | K64: GPT5 said: No multiplicity adjustment will be applied; these analyses are exploratory and not powered for definitive subgroup effects.
A65: missing_data | B65: Section 6: Analysis | C65: Missing data | D65: 28 | E65: Reporting and assumptions/statistical methods to handle missing data (eg, multiple imputation) | H65: 2 | I65: 2 | J65: 2 | K65: OpenAI: didn't said about sensitivity analysis for NMAR after multiple imputation. But it might be said in the sensitiviy analysis section
A66: additional_analysis | B66: Section 6: Analysis | C66: Additional analyses | D66: 29 | E66: Details of any additional statistical analyses required, eg, complier-average causal effect analysis | F66: Speicifcaiton of additional statistical analysis that would not be done should be scored 1 | H66: 2 | I66: 2 | J66: 3
A67: harms | B67: Section 6: Analysis | C67: Harms | D67: 30 | E67: Sufficient detail on summarizing safety data | F67: Speicifcaiton of additional statistical analysis that would not be done should be scored 1 | H67: 3 | I67: 3 | J67: 3
A68: NA | B68: Section 6: Analysis | C68: Statistical software | D68: 31 | E68: Details of statistical packages to be used to carry out analyses
A69: NA | B69: Section 6: Analysis | C69: References | D69: 32a | E69: References to be provided for nonstandard statistical methods
A70: NA | B70: Section 6: Analysis | C70: References | D70: 32b | E70: Reference to Data Management Plan
A71: NA | B71: Section 6: Analysis | C71: References | D71: 32c | E71: Reference to the Trial Master File and Statistical Master File
A72: NA | B72: Section 6: Analysis | C72: References | D72: 32c | E72: Reference to other standard operating procedures or documents to be adhered to

Sheet validation
D1: 0 | E1: Item is not covered
D2: 1 | E2: item is present and contains substantial ommisions, inaccuracies, or hallunincations which would effect the scientific integrety if included in SAP
D3: 2 | E3: Item is present and mostly accurate but contains minor inaccuracies or omissions. If left in the SAP, this would not affect integrity.
D4: 3 | E4: Item is accurate, consistent with protocol and makes sense scientifically and contains appropriate level of detail. For statistical analysis this would be sufficient detail for the analysis to be implemented, with no ambiguity.
A10: Our section | B10: Section | C10: Subsection | D10: JAMA SAP # | E10: Description | F10: Notes on scoring | G10: Notes | H10: openAI_gpt5_full | I10: openAI_full | J10: gemini_pro | K10: claude_sonnet | L10: Comment | M10: Match full | N10: Average Full 1 | O10: Average Full 2
A11: admin_info | B11: Section 1: Administrative Information | C11: Title and trial registration | D11: 1a | E11: Descriptive title that matches the protocol, with SAP either as a forerunner or subtitle, and trial acronym (if applicable) | I11: ='first score'!H11='second score'!H11 -> TRUE | J11: ='first score'!I11='second score'!I11 -> TRUE | K11: ='first score'!J11='second score'!J11 -> TRUE | M11: =AND(I11:K11) -> TRUE | N11: =AVERAGE('first score'!H11:'first score'!J11) -> 3 | O11: =AVERAGE('second score'!H11:'second score'!J11) -> 3
A12: admin_info | B12: Section 1: Administrative Information | C12: Title and trial registration | D12: 1b | E12: Trial registration number | I12: ='first score'!H12='second score'!H12 -> TRUE | J12: ='first score'!I12='second score'!I12 -> TRUE | K12: ='first score'!J12='second score'!J12 -> TRUE | M12: =AND(I12:K12) -> TRUE | N12: =AVERAGE('first score'!H12:'first score'!J12) -> 3 | O12: =AVERAGE('second score'!H12:'second score'!J12) -> 3
A13: NA | B13: Section 1: Administrative Information | C13: SAP version | D13: 2 | E13: SAP version number with dates
A14: admin_info | B14: Section 1: Administrative Information | C14: Protocol Version | D14: 3 | E14: Reference to version of protocol being used | I14: ='first score'!H14='second score'!H14 -> TRUE | J14: ='first score'!I14='second score'!I14 -> TRUE | K14: ='first score'!J14='second score'!J14 -> TRUE | M14: =AND(I14:K14) -> TRUE | N14: =AVERAGE('first score'!H14:'first score'!J14) -> 3 | O14: =AVERAGE('second score'!H14:'second score'!J14) -> 3
A15: NA | B15: Section 1: Administrative Information | C15: SAP revisions | D15: 4a | E15: SAP revision history
A16: NA | B16: Section 1: Administrative Information | C16: SAP revisions | D16: 4b | E16: Justification for each SAP revision
A17: NA | B17: Section 1: Administrative Information | C17: SAP revisions | D17: 4c | E17: Timing of SAP revisions in relation to interim analyses, etc
A18: admin_info | B18: Section 1: Administrative Information | C18: Roles and responsibility | D18: 5 | E18: Names, affiliations, and roles of SAP contributors | I18: ='first score'!H18='second score'!H18 -> TRUE | J18: ='first score'!I18='second score'!I18 -> TRUE | K18: ='first score'!J18='second score'!J18 -> TRUE | M18: =AND(I18:K18) -> TRUE | N18: =AVERAGE('first score'!H18:'first score'!J18) -> 3 | O18: =AVERAGE('second score'!H18:'second score'!J18) -> 3
A19: NA | B19: Section 1: Administrative Information | C19: Signatures of: | D19: 6a | E19: Person writing the SAP
A20: NA | B20: Section 1: Administrative Information | C20: Signatures of: | D20: 6b | E20: Senior statistician responsible
A21: NA | B21: Section 1: Administrative Information | C21: Signatures of: | D21: 6c | E21: Chief investigator/clinical lead
A22: introduction | B22: Section 2: Introduction | C22: Background and rationale | D22: 7 | E22: Synopsis of trial background and rationale including a brief description of research question and brief justification for undertaking the trial | I22: ='first score'!H22='second score'!H22 -> TRUE | J22: ='first score'!I22='second score'!I22 -> TRUE | K22: ='first score'!J22='second score'!J22 -> TRUE | M22: =AND(I22:K22) -> TRUE | N22: =AVERAGE('first score'!H22:'first score'!J22) -> 3 | O22: =AVERAGE('second score'!H22:'second score'!J22) -> 3
A23: introduction | B23: Section 2: Introduction | C23: Objectives | D23: 8 | E23: Description of specific objectives or hypotheses | F23: Accept a vague description as outcomes defined later | I23: ='first score'!H23='second score'!H23 -> TRUE | J23: ='first score'!I23='second score'!I23 -> TRUE | K23: ='first score'!J23='second score'!J23 -> TRUE | M23: =AND(I23:K23) -> TRUE | N23: =AVERAGE('first score'!H23:'first score'!J23) -> 3 | O23: =AVERAGE('second score'!H23:'second score'!J23) -> 3
A24: study_design | B24: Section 3: Study Methods | C24: Trial design | D24: 9 | E24: Brief description of trial design including type of trial (eg, parallel group, multiarm, crossover, factorial) and allocation ratio and may include brief description of interventions | I24: ='first score'!H24='second score'!H24 -> TRUE | J24: ='first score'!I24='second score'!I24 -> TRUE | K24: ='first score'!J24='second score'!J24 -> TRUE | M24: =AND(I24:K24) -> TRUE | N24: =AVERAGE('first score'!H24:'first score'!J24) -> 3 | O24: =AVERAGE('second score'!H24:'second score'!J24) -> 3
A25: study_design | B25: Section 3: Study Methods | C25: Framework | D25: 12 | E25: Superiority, equivalence, or noninferiority hypothesis testing framework, including which comparisons will be presented on this basis | I25: ='first score'!H25='second score'!H25 -> TRUE | J25: ='first score'!I25='second score'!I25 -> TRUE | K25: ='first score'!J25='second score'!J25 -> TRUE | M25: =AND(I25:K25) -> TRUE | N25: =AVERAGE('first score'!H25:'first score'!J25) -> 3 | O25: =AVERAGE('second score'!H25:'second score'!J25) -> 3
A26: randomisation | B26: Section 3: Study Methods | C26: Randomisation | D26: 10 | E26: Randomization details, eg, whether any minimization or stratification occurred (including stratifying factors used or the location of that information if it is not held within the SAP) | I26: ='first score'!H26='second score'!H26 -> TRUE | J26: ='first score'!I26='second score'!I26 -> TRUE | K26: ='first score'!J26='second score'!J26 -> TRUE | M26: =AND(I26:K26) -> TRUE | N26: =AVERAGE('first score'!H26:'first score'!J26) -> 3 | O26: =AVERAGE('second score'!H26:'second score'!J26) -> 3
A27: sample_size | B27: Section 3: Study Methods | C27: Sample size | D27: 11 | E27: Full sample size calculation or reference to sample size calculation in protocol (instead of replication in SAP) | I27: ='first score'!H27='second score'!H27 -> TRUE | J27: ='first score'!I27='second score'!I27 -> TRUE | K27: ='first score'!J27='second score'!J27 -> TRUE | M27: =AND(I27:K27) -> TRUE | N27: =AVERAGE('first score'!H27:'first score'!J27) -> 3 | O27: =AVERAGE('second score'!H27:'second score'!J27) -> 3
A28: interim_analysis | B28: Section 3: Study Methods | C28: Statistical interim analyses and stopping guidance | D28: 13a | E28: Information on interim analyses specifying what interim analyses will be carried out and listing of time points | I28: ='first score'!H28='second score'!H28 -> TRUE | J28: ='first score'!I28='second score'!I28 -> TRUE | K28: ='first score'!J28='second score'!J28 -> TRUE | M28: =AND(I28:K28) -> TRUE | N28: =AVERAGE('first score'!H28:'first score'!J28) -> 3 | O28: =AVERAGE('second score'!H28:'second score'!J28) -> 3
A29: interim_analysis | B29: Section 3: Study Methods | C29: Statistical interim analyses and stopping guidance | D29: 13b | E29: Any planned adjustment of the significance level due to interim analysis | F29: If no interim analysis score 3 if this item is ommited. If there is a formal interim analysis and adjustment of the significance level, score item as 1 if it says an alpha of 0.05 will be used with 95% confidence intervals, even if it goes on to give the correct significance levels. | I29: ='first score'!H29='second score'!H29 -> TRUE | J29: ='first score'!I29='second score'!I29 -> TRUE | K29: ='first score'!J29='second score'!J29 -> TRUE | M29: =AND(I29:K29) -> TRUE | N29: =AVERAGE('first score'!H29:'first score'!J29) -> 3 | O29: =AVERAGE('second score'!H29:'second score'!J29) -> 3
A30: interim_analysis | B30: Section 3: Study Methods | C30: Statistical interim analyses and stopping guidance | D30: 13c | E30: Details of guidelines for stopping the trial early | I30: ='first score'!H30='second score'!H30 -> TRUE | J30: ='first score'!I30='second score'!I30 -> TRUE | K30: ='first score'!J30='second score'!J30 -> TRUE | M30: =AND(I30:K30) -> TRUE | N30: =AVERAGE('first score'!H30:'first score'!J30) -> 3 | O30: =AVERAGE('second score'!H30:'second score'!J30) -> 3
A31: timing | B31: Section 3: Study Methods | C31: Timing of final analysis | D31: 14 | E31: Timing of final analysis, eg, all outcomes analyzed collectively or timing stratified by planned length of follow-up | I31: ='first score'!H31='second score'!H31 -> TRUE | J31: ='first score'!I31='second score'!I31 -> TRUE | K31: ='first score'!J31='second score'!J31 -> TRUE | M31: =AND(I31:K31) -> TRUE | N31: =AVERAGE('first score'!H31:'first score'!J31) -> 2.6666667 | O31: =AVERAGE('second score'!H31:'second score'!J31) -> 2.6666667
A32: timing | B32: Section 3: Study Methods | C32: Timing of outcome assessments | D32: 15 | E32: Time points at which the outcomes are measured including visit “windows” | F32: Score 2 if missing visit windows, that are mentioned in the protocol | I32: ='first score'!H32='second score'!H32 -> TRUE | J32: ='first score'!I32='second score'!I32 -> TRUE | K32: ='first score'!J32='second score'!J32 -> TRUE | M32: =AND(I32:K32) -> TRUE | N32: =AVERAGE('first score'!H32:'first score'!J32) -> 3 | O32: =AVERAGE('second score'!H32:'second score'!J32) -> 3
A33: analysis_considerations | B33: Section 4: Statistical Principles | C33: Confidence intervals and P values | D33: 16 | E33: Level of statistical significance | I33: ='first score'!H33='second score'!H33 -> TRUE | J33: ='first score'!I33='second score'!I33 -> TRUE | K33: ='first score'!J33='second score'!J33 -> TRUE | M33: =AND(I33:K33) -> TRUE | N33: =AVERAGE('first score'!H33:'first score'!J33) -> 3 | O33: =AVERAGE('second score'!H33:'second score'!J33) -> 3
A34: analysis_considerations | B34: Section 4: Statistical Principles | C34: Confidence intervals and P values | D34: 17 | E34: Description and rationale for any adjustment for multiplicity and, if so, detailing how the type 1 error is to be controlled | I34: ='first score'!H34='second score'!H34 -> TRUE | J34: ='first score'!I34='second score'!I34 -> TRUE | K34: ='first score'!J34='second score'!J34 -> TRUE | M34: =AND(I34:K34) -> TRUE | N34: =AVERAGE('first score'!H34:'first score'!J34) -> 3 | O34: =AVERAGE('second score'!H34:'second score'!J34) -> 3
A35: analysis_considerations | B35: Section 4: Statistical Principles | C35: Confidence intervals and P values | D35: 18 | E35: Confidence intervals to be reported | I35: ='first score'!H35='second score'!H35 -> TRUE | J35: ='first score'!I35='second score'!I35 -> TRUE | K35: ='first score'!J35='second score'!J35 -> TRUE | M35: =AND(I35:K35) -> TRUE | N35: =AVERAGE('first score'!H35:'first score'!J35) -> 3 | O35: =AVERAGE('second score'!H35:'second score'!J35) -> 3
A36: analysis_considerations | B36: Section 4: Statistical Principles | C36: Adherence and protocol deviations | D36: 19a | E36: Definition of adherence to the intervention and how this is assessed including extent of exposure | I36: ='first score'!H36='second score'!H36 -> TRUE | J36: ='first score'!I36='second score'!I36 -> TRUE | K36: ='first score'!J36='second score'!J36 -> TRUE | M36: =AND(I36:K36) -> TRUE | N36: =AVERAGE('first score'!H36:'first score'!J36) -> 3 | O36: =AVERAGE('second score'!H36:'second score'!J36) -> 3
A37: analysis_considerations | B37: Section 4: Statistical Principles | C37: Adherence and protocol deviations | D37: 19b | E37: Description of how adherence to the intervention will be presented | I37: ='first score'!H37='second score'!H37 -> TRUE | J37: ='first score'!I37='second score'!I37 -> TRUE | K37: ='first score'!J37='second score'!J37 -> TRUE | M37: =AND(I37:K37) -> TRUE | N37: =AVERAGE('first score'!H37:'first score'!J37) -> 2.3333333 | O37: =AVERAGE('second score'!H37:'second score'!J37) -> 2.3333333
A38: analysis_considerations | B38: Section 4: Statistical Principles | C38: Adherence and protocol deviations | D38: 19c | E38: Definition of protocol deviations for the trial | F38: If protocol deviations are not given in the protocol, the ideal response would be “No protocol deviations are defined in the protocol” or similar. If a sensible answer is given with details that are not given in the protocol, score 2. If specific protocol deviations are mentioned in the protocol, and not covered by the AI in the SAP score 1. | I38: ='first score'!H38='second score'!H38 -> TRUE | J38: ='first score'!I38='second score'!I38 -> TRUE | K38: ='first score'!J38='second score'!J38 -> TRUE | M38: =AND(I38:K38) -> TRUE | N38: =AVERAGE('first score'!H38:'first score'!J38) -> 2.6666667 | O38: =AVERAGE('second score'!H38:'second score'!J38) -> 2.6666667
A39: analysis_considerations | B39: Section 4: Statistical Principles | C39: Adherence and protocol deviations | D39: 19d | E39: Description of which protocol deviations will be summarized | F39: Score 3 if it says it will describe the protocol deviations it has defined descriptively by arm even if the answer to 19c is not perfect. | I39: ='first score'!H39='second score'!H39 -> TRUE | J39: ='first score'!I39='second score'!I39 -> TRUE | K39: ='first score'!J39='second score'!J39 -> TRUE | M39: =AND(I39:K39) -> TRUE | N39: =AVERAGE('first score'!H39:'first score'!J39) -> 2.6666667 | O39: =AVERAGE('second score'!H39:'second score'!J39) -> 2.6666667
A40: trial_population | B40: Section 4: Statistical Principles | C40: Analysis populations | D40: 20 | E40: Definition of analysis populations, eg, intention to treat, per protocol, complete case, safety | F40: If the analysis populations are defined that are not the protocol, then score as a 2. E.g., if a per-protocol population or a safety population is defined that is not in the protocol, then score a 2. | I40: ='first score'!H40='second score'!H40 -> TRUE | J40: ='first score'!I40='second score'!I40 -> TRUE | K40: ='first score'!J40='second score'!J40 -> TRUE | M40: =AND(I40:K40) -> TRUE | N40: =AVERAGE('first score'!H40:'first score'!J40) -> 3 | O40: =AVERAGE('second score'!H40:'second score'!J40) -> 3
A41: trial_population | B41: Section 5: Trial Population | C41: Screening data | D41: 21 | E41: Reporting of screening data (if collected) to describe representativeness of trial sample | I41: ='first score'!H41='second score'!H41 -> TRUE | J41: ='first score'!I41='second score'!I41 -> TRUE | K41: ='first score'!J41='second score'!J41 -> TRUE | M41: =AND(I41:K41) -> TRUE | N41: =AVERAGE('first score'!H41:'first score'!J41) -> 3 | O41: =AVERAGE('second score'!H41:'second score'!J41) -> 3
A42: trial_population | B42: Section 5: Trial Population | D42: 22 | E42: Summary of eligibility criteria | F42: score 2 if missing inclusion/exclusion criteria | I42: ='first score'!H42='second score'!H42 -> TRUE | J42: ='first score'!I42='second score'!I42 -> TRUE | K42: ='first score'!J42='second score'!J42 -> TRUE | M42: =AND(I42:K42) -> TRUE | N42: =AVERAGE('first score'!H42:'first score'!J42) -> 3 | O42: =AVERAGE('second score'!H42:'second score'!J42) -> 3
A43: trial_population | B43: Section 5: Trial Population | C43: Recruitment | D43: 23 | E43: Information to be included in the CONSORT flow diagram | I43: ='first score'!H43='second score'!H43 -> TRUE | J43: ='first score'!I43='second score'!I43 -> TRUE | K43: ='first score'!J43='second score'!J43 -> TRUE | M43: =AND(I43:K43) -> TRUE | N43: =AVERAGE('first score'!H43:'first score'!J43) -> 2 | O43: =AVERAGE('second score'!H43:'second score'!J43) -> 2
A44: trial_population | B44: Section 5: Trial Population | C44: Withdrawal/follow-up | D44: 24a | E44: Level of withdrawal, eg, from intervention and/or from follow-up | I44: ='first score'!H44='second score'!H44 -> TRUE | J44: ='first score'!I44='second score'!I44 -> TRUE | K44: ='first score'!J44='second score'!J44 -> TRUE | M44: =AND(I44:K44) -> TRUE | N44: =AVERAGE('first score'!H44:'first score'!J44) -> 2.6666667 | O44: =AVERAGE('second score'!H44:'second score'!J44) -> 2.6666667
A45: trial_population | B45: Section 5: Trial Population | C45: Withdrawal/follow-up | D45: 24b | E45: Timing of withdrawal/lost to follow-up data | I45: ='first score'!H45='second score'!H45 -> TRUE | J45: ='first score'!I45='second score'!I45 -> TRUE | K45: ='first score'!J45='second score'!J45 -> TRUE | M45: =AND(I45:K45) -> TRUE | N45: =AVERAGE('first score'!H45:'first score'!J45) -> 2 | O45: =AVERAGE('second score'!H45:'second score'!J45) -> 2
A46: trial_population | B46: Section 5: Trial Population | C46: Withdrawal/follow-up | D46: 24c | E46: Reasons and details of how withdrawal/lost to follow-up data will be presented | I46: ='first score'!H46='second score'!H46 -> TRUE | J46: ='first score'!I46='second score'!I46 -> TRUE | K46: ='first score'!J46='second score'!J46 -> TRUE | M46: =AND(I46:K46) -> TRUE | N46: =AVERAGE('first score'!H46:'first score'!J46) -> 3 | O46: =AVERAGE('second score'!H46:'second score'!J46) -> 3
A47: trial_population | B47: Section 5: Trial Population | C47: Baseline patient characteristics | D47: 25a | E47: List of baseline characteristics to be summarized | F47: Score as 3 if a reasonable list is given, there is no need to exhaustively check that the variable matches the protocol. | I47: ='first score'!H47='second score'!H47 -> TRUE | J47: ='first score'!I47='second score'!I47 -> TRUE | K47: ='first score'!J47='second score'!J47 -> TRUE | M47: =AND(I47:K47) -> TRUE | N47: =AVERAGE('first score'!H47:'first score'!J47) -> 3 | O47: =AVERAGE('second score'!H47:'second score'!J47) -> 3
A48: trial_population | B48: Section 5: Trial Population | C48: Baseline patient characteristics | D48: 25b | E48: Details of how baseline characteristics will be descriptively summarized | F48: score 1 if it says test for baseline | I48: ='first score'!H48='second score'!H48 -> TRUE | J48: ='first score'!I48='second score'!I48 -> TRUE | K48: ='first score'!J48='second score'!J48 -> TRUE | M48: =AND(I48:K48) -> TRUE | N48: =AVERAGE('first score'!H48:'first score'!J48) -> 2 | O48: =AVERAGE('second score'!H48:'second score'!J48) -> 3
A49: NA | B49: Section 6: Analysis | C49: Outcome definitions | E49: List and describe each primary and secondary outcome including details of:
A50: outcome_definitions | B50: Section 6: Analysis | C50: Outcome definitions | D50: 26a | E50: specification of outcomes and timings. If applicable include the order of importance of primary or key secondary end points (eg, order in which they will be tested) | F50: Errors in outcome definitions should be scored 1. | I50: ='first score'!H50='second score'!H50 -> TRUE | J50: ='first score'!I50='second score'!I50 -> TRUE | K50: ='first score'!J50='second score'!J50 -> TRUE | M50: =AND(I50:K50) -> TRUE | N50: =AVERAGE('first score'!H50:'first score'!J50) -> 3 | O50: =AVERAGE('second score'!H50:'second score'!J50) -> 3
A51: outcome_definitions | B51: Section 6: Analysis | C51: Outcome definitions | D51: 26b | E51: specific measurement and units (eg, glucose control, hbA1c [mmol/mol or %]) | I51: ='first score'!H51='second score'!H51 -> TRUE | J51: ='first score'!I51='second score'!I51 -> TRUE | K51: ='first score'!J51='second score'!J51 -> TRUE | M51: =AND(I51:K51) -> TRUE | N51: =AVERAGE('first score'!H51:'first score'!J51) -> 3 | O51: =AVERAGE('second score'!H51:'second score'!J51) -> 3
A52: outcome_definitions | B52: Section 6: Analysis | C52: Outcome definitions | D52: 26c | E52: any calculation or transformation used to derive the outcome (eg, change from baseline, QoL score, time to event, logarithm, etc) | I52: ='first score'!H52='second score'!H52 -> TRUE | J52: ='first score'!I52='second score'!I52 -> TRUE | K52: ='first score'!J52='second score'!J52 -> TRUE | M52: =AND(I52:K52) -> TRUE | N52: =AVERAGE('first score'!H52:'first score'!J52) -> 3 | O52: =AVERAGE('second score'!H52:'second score'!J52) -> 3
A53: analysis_methods | B53: Section 6: Analysis | C53: Analysis methods | D53: 27* | E53: Primary analysis: Clear which analysis method applies to primary outcome, and which analysis population will be used | I53: ='first score'!H53='second score'!H53 -> TRUE | J53: ='first score'!I53='second score'!I53 -> TRUE | K53: ='first score'!J53='second score'!J53 -> TRUE | M53: =AND(I53:K53) -> TRUE | N53: =AVERAGE('first score'!H53:'first score'!J53) -> 3 | O53: =AVERAGE('second score'!H53:'second score'!J53) -> 3
A54: analysis_methods | D54: 27* | E54: Primary analysis: Correct model | F54: Score 3 for correct model | I54: ='first score'!H54='second score'!H54 -> TRUE | J54: ='first score'!I54='second score'!I54 -> TRUE | K54: ='first score'!J54='second score'!J54 -> TRUE | M54: =AND(I54:K54) -> TRUE | N54: =AVERAGE('first score'!H54:'first score'!J54) -> 3 | O54: =AVERAGE('second score'!H54:'second score'!J54) -> 3
A55: analysis_methods | D55: 27* | E55: Primary analysis: Correct model specification | F55: Score 3 for correct specification eg. correct random effects. If simple model used eg, logistic regresison score 3 if above is 3 | I55: ='first score'!H55='second score'!H55 -> TRUE | J55: ='first score'!I55='second score'!I55 -> TRUE | K55: ='first score'!J55='second score'!J55 -> TRUE | M55: =AND(I55:K55) -> TRUE | N55: =AVERAGE('first score'!H55:'first score'!J55) -> 2.6666667 | O55: =AVERAGE('second score'!H55:'second score'!J55) -> 2.6666667
A56: analysis_methods | B56: Section 6: Analysis | C56: Analysis methods | D56: 27* | E56: Primary analysis: Correct covariates | F56: If given in protocol must match, must include stratification factors. If not given, score 3 for a reasnable attempt. | I56: ='first score'!H56='second score'!H56 -> TRUE | J56: ='first score'!I56='second score'!I56 -> TRUE | K56: ='first score'!J56='second score'!J56 -> TRUE | M56: =AND(I56:K56) -> TRUE | N56: =AVERAGE('first score'!H56:'first score'!J56) -> 2.6666667 | O56: =AVERAGE('second score'!H56:'second score'!J56) -> 2.6666667
A57: analysis_methods | D57: 27* | E57: Secondary analysis: Clear which analysis method applies to each secondary outcome, and which analysis population | F57: Must say which outcomes are of each type. eg. score 2 for "All continuous outcomes will be analysed..." unless explicit about which outcomes are continuous. | I57: ='first score'!H57='second score'!H57 -> TRUE | J57: ='first score'!I57='second score'!I57 -> TRUE | K57: ='first score'!J57='second score'!J57 -> TRUE | M57: =AND(I57:K57) -> TRUE | N57: =AVERAGE('first score'!H57:'first score'!J57) -> 3 | O57: =AVERAGE('second score'!H57:'second score'!J57) -> 3
A58: analysis_methods | D58: 27* | E58: Secondary analysis: Correct model | I58: ='first score'!H58='second score'!H58 -> TRUE | J58: ='first score'!I58='second score'!I58 -> TRUE | K58: ='first score'!J58='second score'!J58 -> TRUE | M58: =AND(I58:K58) -> TRUE | N58: =AVERAGE('first score'!H58:'first score'!J58) -> 2.3333333 | O58: =AVERAGE('second score'!H58:'second score'!J58) -> 2.3333333
A59: analysis_methods | D59: 27* | E59: Secondary analysis: Correct model specification | I59: ='first score'!H59='second score'!H59 -> TRUE | J59: ='first score'!I59='second score'!I59 -> TRUE | K59: ='first score'!J59='second score'!J59 -> TRUE | M59: =AND(I59:K59) -> TRUE | N59: =AVERAGE('first score'!H59:'first score'!J59) -> 3 | O59: =AVERAGE('second score'!H59:'second score'!J59) -> 3
A60: analysis_methods | D60: 27* | E60: Secondary analysis: Correct covariates | I60: ='first score'!H60='second score'!H60 -> TRUE | J60: ='first score'!I60='second score'!I60 -> TRUE | K60: ='first score'!J60='second score'!J60 -> TRUE | M60: =AND(I60:K60) -> TRUE | N60: =AVERAGE('first score'!H60:'first score'!J60) -> 3 | O60: =AVERAGE('second score'!H60:'second score'!J60) -> 3
A61: assumptions_and_sensitivity_analysis | B61: Section 6: Analysis | C61: Analysis methods | D61: 27c | E61: methods used for assumptions to be checked for statistical methods | I61: ='first score'!H61='second score'!H61 -> TRUE | J61: ='first score'!I61='second score'!I61 -> TRUE | K61: ='first score'!J61='second score'!J61 -> TRUE | M61: =AND(I61:K61) -> TRUE | N61: =AVERAGE('first score'!H61:'first score'!J61) -> 3 | O61: =AVERAGE('second score'!H61:'second score'!J61) -> 3
A62: assumptions_and_sensitivity_analysis | B62: Section 6: Analysis | C62: Analysis methods | D62: 27d | E62: details of alternative methods to be used if distributional assumptions do not hold, eg, normality, proportional hazards, etc | I62: ='first score'!H62='second score'!H62 -> TRUE | J62: ='first score'!I62='second score'!I62 -> TRUE | K62: ='first score'!J62='second score'!J62 -> TRUE | M62: =AND(I62:K62) -> TRUE | N62: =AVERAGE('first score'!H62:'first score'!J62) -> 3 | O62: =AVERAGE('second score'!H62:'second score'!J62) -> 3
A63: assumptions_and_sensitivity_analysis | B63: Section 6: Analysis | C63: Analysis methods | D63: 27e | E63: any planned sensitivity analyses for each outcome where applicable | I63: ='first score'!H63='second score'!H63 -> TRUE | J63: ='first score'!I63='second score'!I63 -> TRUE | K63: ='first score'!J63='second score'!J63 -> TRUE | M63: =AND(I63:K63) -> TRUE | N63: =AVERAGE('first score'!H63:'first score'!J63) -> 2.6666667 | O63: =AVERAGE('second score'!H63:'second score'!J63) -> 2.6666667
A64: subgroup_analysis | B64: Section 6: Analysis | C64: Analysis methods | D64: 27f | E64: any planned subgroup analyses for each outcome including how subgroups are defined | I64: ='first score'!H64='second score'!H64 -> TRUE | J64: ='first score'!I64='second score'!I64 -> TRUE | K64: ='first score'!J64='second score'!J64 -> TRUE | M64: =AND(I64:K64) -> TRUE | N64: =AVERAGE('first score'!H64:'first score'!J64) -> 3 | O64: =AVERAGE('second score'!H64:'second score'!J64) -> 3
A65: missing_data | B65: Section 6: Analysis | C65: Missing data | D65: 28 | E65: Reporting and assumptions/statistical methods to handle missing data (eg, multiple imputation) | I65: ='first score'!H65='second score'!H65 -> TRUE | J65: ='first score'!I65='second score'!I65 -> TRUE | K65: ='first score'!J65='second score'!J65 -> TRUE | M65: =AND(I65:K65) -> TRUE | N65: =AVERAGE('first score'!H65:'first score'!J65) -> 2 | O65: =AVERAGE('second score'!H65:'second score'!J65) -> 2
A66: additional_analysis | B66: Section 6: Analysis | C66: Additional analyses | D66: 29 | E66: Details of any additional statistical analyses required, eg, complier-average causal effect analysis | F66: Speicifcaiton of additional statistical analysis that would not be done should be scored 1 | I66: ='first score'!H66='second score'!H66 -> TRUE | J66: ='first score'!I66='second score'!I66 -> TRUE | K66: ='first score'!J66='second score'!J66 -> TRUE | M66: =AND(I66:K66) -> TRUE | N66: =AVERAGE('first score'!H66:'first score'!J66) -> 2.3333333 | O66: =AVERAGE('second score'!H66:'second score'!J66) -> 2.3333333
A67: harms | B67: Section 6: Analysis | C67: Harms | D67: 30 | E67: Sufficient detail on summarizing safety data, eg, information on severity, expectedness, and causality; details of how adverse events are coded or categorized; how adverse event data will be analyzed, ie, grade 3/4 only, incidence case analysis, intervention emergent analysis | F67: Speicifcaiton of additional statistical analysis that would not be done should be scored 1 | I67: ='first score'!H67='second score'!H67 -> TRUE | J67: ='first score'!I67='second score'!I67 -> TRUE | K67: ='first score'!J67='second score'!J67 -> TRUE | M67: =AND(I67:K67) -> TRUE | N67: =AVERAGE('first score'!H67:'first score'!J67) -> 3 | O67: =AVERAGE('second score'!H67:'second score'!J67) -> 3
A68: NA | B68: Section 6: Analysis | C68: Statistical software | D68: 31 | E68: Details of statistical packages to be used to carry out analyses
A69: NA | B69: Section 6: Analysis | C69: References | D69: 32a | E69: References to be provided for nonstandard statistical methods
A70: NA | B70: Section 6: Analysis | C70: References | D70: 32b | E70: Reference to Data Management Plan
A71: NA | B71: Section 6: Analysis | C71: References | D71: 32c | E71: Reference to the Trial Master File and Statistical Master File
A72: NA | B72: Section 6: Analysis | C72: References | D72: 32c | E72: Reference to other standard operating procedures or documents to be adhered to
